user1, a5f6b47f23b1b4b82e77fbe6c8963fd2, 89a7b1c0
user2, 24b5977e7b29f18d72015ea8e3c8c749, a4c12f9d
user3, a5f6b47f23b1b4b82e77fbe6c8963fd2, 12ab45cd
user4, e432da1b8cbb3b9e2a8bb792f5a71320, 7c6b9a3f
user5, 0d7a4d167b04ecbf3c8a7b12d7e26b91, 83b92ac6
user6, c4b95e1689d8897b276ce87577d3c9c7, 123f45ae
user7, 07f59f645f6254fd6df11ba94e230cf4, af287bc1
user8, 5b8f7e16bbf7d0240c30c796d4508348, d67ab129
user9, e19969e08a65f2de9f00d4c5a3a5d7f5, 2a6d9f45
user10, 4b1cc7edc207654712b928cd7a21922d, f90371ad
user11, 233a57b2c15ef741b2149f2d01353017, 7a5e1b4d
user12, 77d2528c9f2c479ab8c2d15e8fd95f8d, b8a1f234
user13, 9c67f2749a0bb745beab5cce256b70cb, ab298c3f
user14, 5e47f37db6b4871cb4f5f246bc535401, e482ac9d
user15, d675a3fae51f2ed7c5e601e663758fb4, f472a56d
user16, 12f1b979109345b870988d07b3435f6b, a9f3e2c8
user17, 42b5a13b0b324c5ab356d0d781a3c011, c7b1d8a9
user18, e1d6a46fbf0fd3096d17bb5b284365db, afb92e13
user19, 362eab7c63ec0df1e4b734850204f9d7, c67a2e9b
user20, d5096379989a7381524cc5e7a3e21bdf, b61af1cb
user21, 72a1c5d2b907f2d432d3182ad3768c8d, c59f21b4
user22, b1d8ae6db3469f9827e967b2e5f83b52, 13c28f61
user23, d245d31b69d452d36a8a9084d6e99f39, e194ae4b
user24, 6e99e2ac124945bc957594d60202f923, f29e634a
user25, 1ba7e74d04201d0472be053b4d3e1169, 73e4a9d1
user26, 6787d3d5ff3d8f8c9a3fdf48c91e7f4a, ac4819de
user27, 0378ffddc7b1a1770e2f37ef0f63d6f9, c8a13f48
user28, 537da1286df2d2f2b8f634cd8b7f3c31, 0d7ae35a
user29, 9c1f0fd23f47972b107dcf2392b38c3b, e72b4e1c
user30, ae3cbf6ff88e7287b87d30b3bc3b3a5e, 7a9c12b3
user31, 27f9d2b8a4e5f7b73f5e439f5d1b3b17, 0c4e2a7b
user32, 4f77d79e723ff292bd02a6b2e223d92b, 6f23b2cd
user33, b5a1f32f3a81d8a27a4b64d9f2c64a0b, 28d6f0b9
user34, 61a5f5b24836d0a89b7131e3bca469ac, 14fb8c73
user35, e598aebae5f33c7e126f4e492f8c2463, 0c12b9f8
user36, 0fd7a8f8c7d5e9819b15ac42ecf7bc7d, e13c5f0b
user37, d86d2d7a9856e8b9e93a7bcf2957125f, 4b8d6c7f
user38, 78b6b2d4f3a49f0d67c30f7f2db6a93a, 9e2a7d3c
user39, a1c2b67f3f2d982be9a37f82e6c7a34f, 62d9f1cb
user40, 53a9d2b76f2c3f2b8c71d4e9a1b6c5d8, 2b0f7e4d
user41, 8c1a4b2f3d2c8b9e7a2f6c3d9b4a7d3e, 0e12b34a
user42, 5b7d1e2c9d8f7b0a2c1d5e4f6b9a7d8e, f71e3a4b
user43, 61f9b2d7e3a6f4b9c2e1f0a3b7d8e9c4, e13d2a9c
user44, f72a3c9d2b8e7f0a1d4b6e5f9a7d3c1e, 9f8e2c1a
user45, 0a1b2c3d4e5f6g7h8i9j0a1b2c3d4e5f, e6b5d4a3
user46, e3f4g5h6i7j8k9l0m1n2o3p4q5r6s7t8, 3a2b1c9e
user47, 5f6g7h8i9j0k1l2m3n4o5p6q7r8s9t0a, b3a2e1c9
user48, a9b8c7d6e5f4g3h2i1j0k9l8m7n6o5p4, e9a1c2b3
user49, f1e2d3c4b5a6g7h8i9j0k1l2m3n4o5p6, c8b2a3e1
user50, 9f8e7d6c5b4a3g2h1i0j9k8l7m6n5o4p, f7e2a1b3