user1, 2ce8c7af7071d2614fcda6e965fa53af, 89a03aa1ede12e91c2647def80b1541d
user2, a9e6db98531b89eab2917034db1f80c6, 8d106051d4439da79aa9318c8089bba3
user3, 167c312b2d11bd051f030fe8cf1c33d4, 239b64ae46a33a735aeb03370c1558ef
user4, bb22b2f9fc0c73c7b3e892454fd62a01, e3d65bb1fd7b4cffb9bb617c797e51b1
user5, fea522a02dda0e8a98d18513d9d4b595, c08c2901c86069bf27b4abdbb33c048f
user6, e1475d3ec3022dbc1f09cae41921a8f0, c8537cbf10ebb06947317c591782b254
user7, fd2a7caa69f6d58051c7dd9d5442539b, f8ee8ae327a9c2cc510a94161a04097f
user8, 44ce31d57a735a6f8ba86a62593a55cb, a56e82c05f62de453adc8ac9db7c4fc8
user9, 323341dc8d681110d099ef2cf1ce4e64, 14fe27c7c2c669693fb4a51f3701bb47
user10, fd7a06836b8c25e2ca280b5119d708a7, 9dcf2d99a71b02b8e56d2ddac5769396
user11, 58bf3895146bc658afe9306ea5939c91, 6c2397c52ac56993efac72eef7383e47
user12, 3bc28715670c031f3ca8a640e5ef8a38, 6234bd8ee9848a095e68b7e91ff3e46b
user13, 890e12dd771b86430a82dc70d333d319, aba84e36572295c8e61fbcc0665553cb
user14, 8fd26d84146f345a809524c7b918218d, 2aa6338ba3a4e0debe3821cdf630914a
user15, 718073ce3cd002e7e629d93c527b90e6, 2670ac95ec03ed627e27962efb41ebdb
user16, 270aea96966e3ee8077caaa3614e584b, 74317894c674338b444d243ec0ec9ad0
user17, 7bef521ee3a60e7f593e9191de884cd6, 0982d5e508c2399af1dd441b7f4e372a
user18, 4008e650ff4fc64a107a232090376e85, 12200ff1a05df1568c03603d98d06f8b
user19, f4bc91fdabe3d8b4723b08f11973ba40, 7023b65c127eebbe1730656ceee339c4
user20, daade8c142966084390ca9c92ed9c93d, ae3a934954da39654473eafa6fc6605f
user21, 0268d5c94e9566e868c26fce971de1f8, b9333fb2605a33f120dc87a650fc7017
user22, 35da0ef868f5ba727dd0cd276078b200, af80b15dcbcb9166bdf0c82bb8ac0faa
user23, 92febd3c842b2c83ccc4752e333c1343, 1e69eeeb2937c54a9da0a4b1f0103367
user24, 7690a78cb56a180e7432c302c98368d3, db7cae89291225359f020822d1109dfa
user25, a55c534bd42e734bdfe7681bc28e9912, 541a07afd60863cbfae5529844769e37
user26, 6f4fcfa508ea5aad04a607840d6a004e, c3a63a18b9e5cb0ac0b168e6776d808b
user27, 9c28e3f640431505de113e9ba871d304, 5b4efa2d1d8e538b0556451aed4a62a3
user28, 299f9afd7448f4ad4090a7eb38bb2056, f8c062dc5f199fe612a2860c06b6cb13
user29, 97d8ae076aa1fcccf9eb17e6553a5b72, 4ba6fc879ce791ab6c5e1193bb2a7812
user30, 6c943c8b65f0284cc91ce60339b04d94, f30c9328d5974a081dd1ff439299f755
user31, 7932f428c6a696d3973441f669b82429, 34da3985de7bc61e2e07c1c6d7a585ff
user32, d7dcad49996f2c9eb03746313b87f94b, d6e0e64d1697d718f19f134569b5b7ea
user33, 93f41b6f16999e7449b445eb1021ebf0, bb8c5fdb3d25305397a0bbb1a35c60e0
user34, 1c74b040a726576c5a0ee905b307fff5, 70b2ddf5daff996148b6a8e4ea332fc2
user35, 7025c25ac76a8fed7f26083702b61770, 9d07a23fe68b7ccbdc7e31c31bb06e96
user36, 561ee4121243a9de2b22beb1c85f99bd, 7e48da42c55d53c2d88cbbc2cd63b08f
user37, 58fc895d3c601d1b30e05d0d11744cbd, 309ed97cbe730330d16e9b65cfceda19
user38, 5c7526669b559c34cc070d78f5705ab6, 0ef9fd05c7a8540c0cdeac961b588193
user39, baf74751c8097943a8c4ac03e34bf4af, 1b53428c33f2ad6d96f8d6a1ac1e5268
user40, 1a0ab17ff280f5a22544740f62446916, ecc3189dd62d7fcc205626acf0e0d599
user41, b2f913d933b103ebee80ea538399b827, 04a97ad9678f01435efa5990f3a57216
user42, aff0fd615d79d6215f1feeaad9fa14b7, caf9afde602f2cb15d2b93da2c4b7ff5
user43, 53351155d7211b0f370571bf85287d89, 99bdba54235aed26d01bd39e60cb74ac
user44, c99ca6c268cdb19a8a543df82b2720af, efb1f5009d432f51dabf66c3b11cb175
user45, ede558ead4f27d36c96cfff949154836, b73cc27cb29e250df92937cee647542c
user46, 41cf9cd291bb02074b9e4f55ab18a24d, 032bfa375e1d8bcaeaea7471ec3b9539
user47, f5e9ad0608f0e6a1c008e01b59541f75, d0221dcec14cfe50a5e5324d166ea03b
user48, e628a80dc80bd34a8bacc36616c3815f, ff7913fcf650679e2bbb2bdf206d45b8
user49, 80c8cd86ed015b36a4ecb27824ad86e4, 77cb4ce58aecbdac89b3934b239517d2
